source_file,substation,raw_segment
11.pdf,,об'єктів
11.pdf,Городищенська філія,Шевченка
11.pdf,Городищенська філія,Незалежна
11.pdf,Городищенська філія,Козацька
11.pdf,Городищенська філія,Садова
11.pdf,Городищенська філія,Симиренка
11.pdf,Городищенська філія,Шкільна
11.pdf,Городищенська філія,Перемоги
11.pdf,Городищенська філія,Привітна
11.pdf,Городищенська філія,Гоголя
11.pdf,Городищенська філія,Миру
11.pdf,Городищенська філія,Вишнева
11.pdf,Городищенська філія,Польова
11.pdf,Городищенська філія,Франка
11.pdf,Городищенська філія,Вільна
11.pdf,Городищенська філія,В.Кучера
11.pdf,Городищенська філія,Вишнева
11.pdf,Городищенська філія,Чапаєва
11.pdf,Городищенська філія,Ярова
11.pdf,Городищенська філія,Соборна
11.pdf,Городищенська філія,Підгірна
11.pdf,Городищенська філія,Вербна
11.pdf,Городищенська філія,Липова
11.pdf,Городищенська філія,Озеона
11.pdf,Городищенська філія,Мічуріна
11.pdf,Городищенська філія,Набережна
11.pdf,Драбівська філія,об'єктів
11.pdf,Драбівська філія,Добробог
11.pdf,Драбівська філія,об'єктів
11.pdf,Драбівська філія,Л.І
11.pdf,Драбівська філія,об'єкти
11.pdf,Драбівська філія,пр
11.pdf,Драбівська філія,Короленка
11.pdf,Драбівська філія,Одеська
11.pdf,Драбівська філія,Березова
11.pdf,Драбівська філія,Радісна
11.pdf,Драбівська філія,Сосюри
11.pdf,Драбівська філія,Літня
11.pdf,Драбівська філія,Козацька
11.pdf,Драбівська філія,Шкільна
11.pdf,Драбівська філія,об'єктів
11.pdf,Драбівська філія,Корольова
11.pdf,Драбівська філія,пров
11.pdf,Драбівська філія,Вишневий
11.pdf,Драбівська філія,Шевченка
11.pdf,Драбівська філія,ГУ
11.pdf,Драбівська філія,О.Ю
11.pdf,Драбівська філія,Північна
11.pdf,Драбівська філія,Польовий
11.pdf,Драбівська філія,об'єктів
11.pdf,Драбівська філія,Рєпіна
11.pdf,Драбівська філія,й
11.pdf,Драбівська філія,Упр
11.pdf,Драбівська філія,ва
11.pdf,Драбівська філія,християн
11.pdf,Драбівська філія,об'єктів
11.pdf,Драбівська філія,ЧОО
11.pdf,Драбівська філія,ГУ
11.pdf,Драбівська філія,ФО
11.pdf,Драбівська філія,ФО
11.pdf,Драбівська філія,ФО
11.pdf,Драбівська філія,об'єктів
11.pdf,Драбівська філія,Черкаська
11.pdf,Драбівська філія,Корсунь
11.pdf,філія,Зарічна
11.pdf,філія,Черепин
11.pdf,філія,Берегова
11.pdf,філія,Вишнева
11.pdf,філія,Дяченка
11.pdf,філія,Каштанова
11.pdf,філія,Рябошапки
11.pdf,філія,Зарічна
11.pdf,філія,Сонячна
11.pdf,філія,Піщана
11.pdf,філія,Степова
11.pdf,філія,Крута
11.pdf,філія,Урожайна
11.pdf,філія,Федоренка
11.pdf,філія,Щедра
11.pdf,філія,Тиха
11.pdf,філія,Степовий
11.pdf,філія,Уколова
11.pdf,філія,Береговий
11.pdf,філія,Тупий
11.pdf,філія,Крутий
11.pdf,філія,об'єктів
11.pdf,філія,ДНЗ
11.pdf,філія,Ленінг
11.pdf,філія,Проценко
11.pdf,філія,Конотоп
11.pdf,філія,Семенюк
11.pdf,філія,Соколан
11.pdf,філія,Шейко
11.pdf,філія,УЖКГ
11.pdf,філія,Коваль
11.pdf,філія,Аглічев
11.pdf,філія,Портянко
11.pdf,філія,прв
11.pdf,філія,об'єктів
11.pdf,філія,Медико
11.pdf,Смілянське відділення,х
11.pdf,Смілянське відділення,х
11.pdf,Смілянське відділення,об'єктів
11.pdf,Смілянське відділення,Хижняки
11.pdf,Смілянське відділення,Симоненка
11.pdf,Смілянське відділення,дів
11.pdf,Смілянське відділення,об'єктів
11.pdf,Смілянське відділення,школа
11.pdf,Смілянське відділення,школа
11.pdf,Смілянське відділення,СПД
11.pdf,Смілянське відділення,ФАП
11.pdf,Смілянське відділення,об'єктів
11.pdf,Смілянське відділення,ОК Кок
11.pdf,Смілянське відділення,Будище
11.pdf,Чигиринська філія,об'єктів
11.pdf,Чорнобаївська філія,Комашко
11.pdf,Чорнобаївська філія,Сонячна
11.pdf,Чорнобаївська філія,Толстого
11.pdf,Чорнобаївська філія,Пушкіна
11.pdf,Чорнобаївська філія,Гоголя
11.pdf,Чорнобаївська філія,Черкаська
11.pdf,Чорнобаївська філія,Одеська
11.pdf,Чорнобаївська філія,Баха
11.pdf,Чорнобаївська філія,Чехова
11.pdf,Чорнобаївська філія,Ланова
11.pdf,Чорнобаївська філія,Київська
11.pdf,Чорнобаївська філія,Щаслива
11.pdf,Чорнобаївська філія,Суворова
11.pdf,Чорнобаївська філія,Берегова
11.pdf,Чорнобаївська філія,Гички
11.pdf,Чорнобаївська філія,Козацька
11.pdf,Чорнобаївська філія,Яблунева
11.pdf,Чорнобаївська філія,Суд
11.pdf,Чорнобаївська філія,Ощадбанк
11.pdf,Чорнобаївська філія,Весняна
11.pdf,Чорнобаївська філія,Урожайна
11.pdf,Чорнобаївська філія,Шевченка
11.pdf,Чорнобаївська філія,Чкалова
11.pdf,Чорнобаївська філія,Зарічна
11.pdf,Чорнобаївська філія,Гоголя
11.pdf,Чорнобаївська філія,Весняна
11.pdf,Чорнобаївська філія,Пхіденко
11.pdf,Чорнобаївська філія,об'єктів
11.pdf,Шполянська філія,Г
11.pdf,Шполянська філія,агрофірма
11.pdf,Шполянська філія,Дружби
11.pdf,Шполянська філія,Молодіжна
11.pdf,Шполянська філія,Заводська
11.pdf,Шполянська філія,Перемоги
11.pdf,Шполянська філія,Богуна
11.pdf,Шполянська філія,Вишнева
11.pdf,Шполянська філія,Шевченка
11.pdf,Шполянська філія,Кравченка
11.pdf,Шполянська філія,Полтава
11.pdf,Шполянська філія,Соснівка
11.pdf,Шполянська філія,во ЛНЗ
11.pdf,Шполянська філія,тік ЛНЗ
11.pdf,Шполянська філія,Вишнева
11.pdf,Шполянська філія,Берегова
11.pdf,Шполянська філія,Бугаївка
11.pdf,Шполянська філія,Молодіжна
11.pdf,Шполянська філія,Г
11.pdf,Калинопільська філія,в. Миру
11.pdf,Калинопільська філія,в. Лісова
11.pdf,Калинопільська філія,об'єктів
11.pdf,Черкаська міська філія,об'єктів
11.pdf,Черкаська міська філія,об'єктів
11.pdf,Черкаська міська філія,а
11.pdf,Черкаська міська філія,об'єктів
11.pdf,Черкаська міська філія,б
11.pdf,Черкаська міська філія,об'єктів
11.pdf,Черкаська міська філія,Черкаська
11.pdf,Черкаська міська філія,ЗОШ I
11.pdf,Черкаська міська філія,ЧДТУ
11.pdf,Черкаська міська філія,об'єктів
11.pdf,Черкаська міська філія,Горова
11.pdf,Черкаська міська філія,Гоголя
11.pdf,Черкаська міська філія,Надпільна
11.pdf,Черкаська міська філія,Садова
11.pdf,Черкаська міська філія,Різдвяна
11.pdf,Черкаська міська філія,об'єктів
11.pdf,Черкаська міська філія,Шевченка
11.pdf,Черкаська міська філія,Дружби
11.pdf,Черкаська міська філія,Чорний Яр
12.pdf,Канівська філія,Хмільна
12.pdf,Жашківська філія,Адамівка
12.pdf,Жашківська філія,Шуляки
12.pdf,Жашківська філія,Кривчунка
12.pdf,Жашківська філія,Житники
12.pdf,Жашківська філія,Леміщиха
12.pdf,Лисянська філія,Шульги
12.pdf,Лисянська філія,Верещаки
12.pdf,Маньківська філія,Березівка
12.pdf,Маньківська філія,населення
12.pdf,Маньківська філія,Русалівка
12.pdf,Маньківська філія,Ульянівка
12.pdf,Монастирищенська філія,населення
12.pdf,Монастирищенська філія,МКЗ
12.pdf,Монастирищенська філія,мережі
12.pdf,Монастирищенська філія,Прохожа
12.pdf,Монастирищенська філія,Туристів
12.pdf,Монастирищенська філія,Робоча
12.pdf,Монастирищенська філія,Садова
12.pdf,Монастирищенська філія,Східна
12.pdf,Монастирищенська філія,Шевченка
12.pdf,Монастирищенська філія,Стуса
12.pdf,Монастирищенська філія,Базарна
12.pdf,Монастирищенська філія,Гоголя
12.pdf,Монастирищенська філія,Осипенка
12.pdf,Христинівська філія,Миру
12.pdf,Христинівська філія,Набережна
21.pdf,Городищенська філія,Чехова
21.pdf,Городищенська філія,Шкільна
21.pdf,Городищенська філія,Чубівська
21.pdf,Городищенська філія,Малий
21.pdf,Городищенська філія,Шкiльний
21.pdf,Городищенська філія,Гаркуша
21.pdf,Городищенська філія,Шевченка
21.pdf,Городищенська філія,І.Підкови
21.pdf,Городищенська філія,Різдвяна
21.pdf,Городищенська філія,Д.Кушніра
21.pdf,Городищенська філія,Зелена
21.pdf,Городищенська філія,Макаренка
21.pdf,Городищенська філія,Довженка
21.pdf,Городищенська філія,Правика
21.pdf,Городищенська філія,Садовий
21.pdf,Городищенська філія,Д.Кушніра
21.pdf,Драбівська філія,ПНВП
21.pdf,Драбівська філія,частково
21.pdf,Драбівська філія,Космічна
21.pdf,Драбівська філія,ради
21.pdf,Драбівська філія,Згарська
21.pdf,Драбівська філія,О.Вишні
21.pdf,Драбівська філія,Постишева
21.pdf,Драбівська філія,І.Сошенка
21.pdf,Драбівська філія,Павленка
21.pdf,Драбівська філія,Поповича
21.pdf,Драбівська філія,Зелений
21.pdf,Драбівська філія,н пляжу
21.pdf,Золотоніська філія,селеще
21.pdf,Золотоніська філія,Гонти
21.pdf,Золотоніська філія,упр
21.pdf,Золотоніська філія,В.В
21.pdf,Золотоніська філія,ФО
21.pdf,Золотоніська філія,Троїцької
21.pdf,Золотоніська філія,Сергія
21.pdf,Золотоніська філія,во
21.pdf,Золотоніська філія,Свято
21.pdf,Золотоніська філія,Відділ
21.pdf,Золотоніська філія,Польова
21.pdf,Золотоніська філія,СП
21.pdf,Золотоніська філія,Свято
21.pdf,Золотоніська філія,пров
21.pdf,Золотоніська філія,й
21.pdf,Золотоніська філія,Тичини
21.pdf,Золотоніська філія,Садова
21.pdf,Золотоніська філія,Носа
21.pdf,Золотоніська філія,Шкільна
21.pdf,Золотоніська філія,Селищна
21.pdf,Золотоніська філія,Воїнів
21.pdf,Золотоніська філія,Зарічна
21.pdf,Золотоніська філія,Берегова
21.pdf,Золотоніська філія,Садова
21.pdf,Корсунь-Шевченківська філія,Плехов
21.pdf,Корсунь-Шевченківська філія,Кириленко
21.pdf,Корсунь-Шевченківська філія,Дружна
21.pdf,Корсунь-Шевченківська філія,Стеценка
21.pdf,Корсунь-Шевченківська філія,Нечуя
21.pdf,Корсунь-Шевченківська філія,Чіковані
21.pdf,Корсунь-Шевченківська філія,Стеценка
21.pdf,Смілянська міська філія,Метеля
21.pdf,Смілянська міська філія,Бараннік
21.pdf,Смілянська міська філія,Тимченко
21.pdf,Смілянська міська філія,Кривенко
21.pdf,Смілянська міська філія,Лисак
21.pdf,Смілянська міська філія,Темченко
21.pdf,Смілянська міська філія,Панченко
21.pdf,Смілянська міська філія,Разгулов
21.pdf,Смілянська міська філія,Підлубна
21.pdf,Смілянська міська філія,Сліпченко
21.pdf,Смілянська міська філія,Підлубна
21.pdf,Смілянська міська філія,Плюта
21.pdf,Смілянська міська філія,Кузьменко
21.pdf,Смілянська міська філія,Редчиць
21.pdf,Смілянська міська філія,Ганжа
21.pdf,Смілянська міська філія,Дяков
21.pdf,Смілянська міська філія,Плюта
21.pdf,Смілянська міська філія,СМГО
21.pdf,Смілянська міська філія,УЖКГ
21.pdf,Смілянська міська філія,Почтамцев
21.pdf,Смілянська міська філія,Ірклієнко
21.pdf,Смілянська міська філія,Редчиць
21.pdf,Смілянська міська філія,Гладкий
21.pdf,Смілянська міська філія,Крот
21.pdf,Смілянська міська філія,Ястребов
21.pdf,Смілянська міська філія,Щербина
21.pdf,Смілянська міська філія,Бойко
21.pdf,Смілянська міська філія,Кохась
21.pdf,Смілянська міська філія,Ткаченко
21.pdf,Смілянська міська філія,Кривошея
21.pdf,Смілянська міська філія,Снітко
21.pdf,Смілянська міська філія,Ярощук
21.pdf,Смілянська міська філія,Даценко
21.pdf,Смілянська міська філія,Куценко
21.pdf,Смілянська міська філія,Линник
21.pdf,Смілянська міська філія,Толстопят
21.pdf,Смілянська міська філія,Плюта
21.pdf,Смілянська міська філія,Нечай
21.pdf,Смілянська міська філія,Зоренко
21.pdf,Смілянське відділення,населення
21.pdf,Смілянське відділення,п/п
21.pdf,Смілянське відділення,населення
21.pdf,Смілянське відділення,РСТ
21.pdf,Смілянське відділення,ЗОШ
21.pdf,Смілянське відділення,ДНЗ
21.pdf,Смілянське відділення,населення
21.pdf,Смілянське відділення,аптека
21.pdf,Смілянське відділення,лікарня
21.pdf,Смілянське відділення,ДНЗ(ясла
21.pdf,Смілянське відділення,монастир
21.pdf,Смілянське відділення,школа
21.pdf,Смілянське відділення,клуб
21.pdf,Смілянське відділення,котельна
21.pdf,Смілянське відділення,СТК ТСОУ
21.pdf,Смілянське відділення,школа
21.pdf,Чорнобаївська філія,Комашко
21.pdf,Чорнобаївська філія,Л
21.pdf,Чорнобаївська філія,Шевченка
21.pdf,Чорнобаївська філія,Касименка
21.pdf,Чорнобаївська філія,Яблунева
21.pdf,Чорнобаївська філія,Гоголя
21.pdf,Чорнобаївська філія,Миру
21.pdf,Чорнобаївська філія,Короленка
21.pdf,Чорнобаївська філія,Пушкіна
21.pdf,Чорнобаївська філія,Вишневе
21.pdf,Чорнобаївська філія,Нагірна
21.pdf,Чорнобаївська філія,Садова
21.pdf,Чорнобаївська філія,Зелена
21.pdf,Чорнобаївська філія,Молодіжна
21.pdf,Чорнобаївська філія,Берегова
21.pdf,Чорнобаївська філія,Садова
21.pdf,Чорнобаївська філія,Набережна
21.pdf,Чорнобаївська філія,Шевченка
21.pdf,Чорнобаївська філія,Гриценка
21.pdf,Чорнобаївська філія,Степова
21.pdf,Шполянська філія,г
21.pdf,Шполянська філія,г
21.pdf,Шполянська філія,Садова
21.pdf,Шполянська філія,Кільцева
21.pdf,Шполянська філія,Ковалівка
21.pdf,Шполянська філія,Баківка
21.pdf,Шполянська філія,Лютенка
21.pdf,Шполянська філія,Гончара
21.pdf,Шполянська філія,Квіткова
21.pdf,Шполянська філія,І.Франка
21.pdf,Шполянська філія,Корольова
21.pdf,Шполянська філія,Краєвидна
21.pdf,Шполянська філія,О.Вишні
21.pdf,Шполянська філія,Симоненка
21.pdf,Шполянська філія,ТСОУ
21.pdf,Шполянська філія,г
21.pdf,Шполянська філія,Антонівка
21.pdf,Шполянська філія,Гл.Балка
21.pdf,Шполянська філія,"Коротино, Маслове"
21.pdf,Шполянська філія,Г
21.pdf,Шполянська філія,Вітязеве
21.pdf,Шполянська філія,Козачани
21.pdf,Калинопільська філія,в. Миру
21.pdf,Калинопільська філія,в. Миру
21.pdf,Калинопільська філія,в
21.pdf,Тальнівська філія,Чумацька
21.pdf,Тальнівська філія,Франка
21.pdf,Тальнівська філія,Лисенка
21.pdf,Тальнівська філія,Кошового
21.pdf,Тальнівська філія,І. Гонти
21.pdf,Тальнівська філія,Миру
21.pdf,Тальнівська філія,Толстого
21.pdf,Тальнівська філія,Б
21.pdf,Тальнівська філія,Свободи
21.pdf,Тальнівська філія,Репіна
21.pdf,Черкаська міська філія,А
21.pdf,Черкаська міська філія,ДНЗ
21.pdf,Черкаська міська філія,В
21.pdf,Черкаська міська філія,Садова
21.pdf,Черкаська міська філія,Різдвяна
21.pdf,Черкаська міська філія,Чехова
21.pdf,Черкаська міська філія,Надпільна
21.pdf,Черкаська міська філія,Рєпіна
21.pdf,Черкаська міська філія,Лівицької
21.pdf,Черкаська міська філія,А
21.pdf,Черкаська міська філія,А
21.pdf,Черкаська міська філія,прв. Амет
21.pdf,Черкаська міська філія,Хана
21.pdf,Черкаська міська філія,Султана
21.pdf,Черкаська міська філія,А/К
21.pdf,Черкаська міська філія,ФО
21.pdf,Черкаська міська філія,ДП
22.pdf,Канівська філія,Гончара
22.pdf,Канівська філія,Торгова
22.pdf,Канівська філія,Кобзарева
22.pdf,Канівська філія,Комарова
22.pdf,Канівська філія,Канівська
22.pdf,Канівська філія,Чупилки
22.pdf,Канівська філія,Завойка
22.pdf,Канівська філія,Івана
22.pdf,Канівська філія,Підкови
22.pdf,Канівська філія,Садова
22.pdf,Канівська філія,Степова
22.pdf,Канівська філія,Щаслива
22.pdf,Канівська філія,Шкільна
22.pdf,Канівська філія,Горького
22.pdf,Канівська філія,Чупилки
22.pdf,Жашківська філія,Беспечна
22.pdf,Жашківська філія,Конела
22.pdf,Жашківська філія,Соколівка
22.pdf,Жашківська філія,Вільшанка
22.pdf,Жашківська філія,Марійка
22.pdf,Жашківська філія,Конело
22.pdf,Жашківська філія,"Хутори, Конело"
22.pdf,Жашківська філія,Попівка
22.pdf,Маньківська філія,Миру
22.pdf,Маньківська філія,Білокур
22.pdf,Маньківська філія,Молодіжна
22.pdf,Маньківська філія,Чуйкова
22.pdf,Маньківська філія,Довга
22.pdf,Маньківська філія,Степова
22.pdf,Маньківська філія,Риженко
22.pdf,Маньківська філія,Населення
22.pdf,Монастирищенська філія,населення
22.pdf,Монастирищенська філія,населення
22.pdf,Монастирищенська філія,Тищика
22.pdf,Монастирищенська філія,Шевченка
22.pdf,Монастирищенська філія,Лісна
22.pdf,Монастирищенська філія,Стуса
22.pdf,Монастирищенська філія,Заводська
22.pdf,Монастирищенська філія,Мазепи
22.pdf,Монастирищенська філія,Вокзальна
22.pdf,Монастирищенська філія,Михайла
22.pdf,Христинівська філія,Панченків
22.pdf,Христинівська філія,Набережна
22.pdf,Христинівська філія,Дружби
22.pdf,Христинівська філія,Заводська
22.pdf,Христинівська філія,Вишнева
22.pdf,Христинівська філія,Польова
22.pdf,Христинівська філія,Сонячна
22.pdf,Христинівська філія,Набережна
22.pdf,Христинівська філія,Мічуріна
22.pdf,Христинівська філія,Польова
22.pdf,Христинівська філія,Молодіжна
22.pdf,Христинівська філія,Незалежна
22.pdf,Христинівська філія,Сято
22.pdf,Христинівська філія,ЧкТЕЦ
31.pdf,Городищенська філія,Шевченка
31.pdf,Городищенська філія,Короленка
31.pdf,Городищенська філія,Зоряна
31.pdf,Городищенська філія,Миру
31.pdf,Городищенська філія,Травнева
31.pdf,Городищенська філія,Нова
31.pdf,Городищенська філія,Свободи
31.pdf,Городищенська філія,Набережна
31.pdf,Городищенська філія,Пушкiна
31.pdf,Городищенська філія,Молодiжна
31.pdf,Городищенська філія,Гоголя
31.pdf,Городищенська філія,Захарова
31.pdf,Городищенська філія,Нижня
31.pdf,Городищенська філія,Набережна
31.pdf,Городищенська філія,Кривоноса
31.pdf,Городищенська філія,Короленка
31.pdf,Городищенська філія,Миру
31.pdf,Городищенська філія,Травневий
31.pdf,Городищенська філія,Шевчена
31.pdf,Городищенська філія,Шевченка
31.pdf,Городищенська філія,Шевченка
31.pdf,Городищенська філія,Зелена
31.pdf,Городищенська філія,Зарiчна
31.pdf,Городищенська філія,Польова
31.pdf,Городищенська філія,Захарова
31.pdf,Городищенська філія,Гагарiна
31.pdf,Городищенська філія,Правди
31.pdf,Городищенська філія,Квiтнева
31.pdf,Драбівська філія,ФО
31.pdf,Драбівська філія,Колгоспна
31.pdf,Драбівська філія,номери)
31.pdf,Драбівська філія,ВЖРЕУ
31.pdf,Драбівська філія,ПТУ
31.pdf,Драбівська філія,Шевченка
31.pdf,Драбівська філія,Івасів
31.pdf,Золотоніська філія,Нова
31.pdf,Золотоніська філія,В.І
31.pdf,Золотоніська філія,ва
31.pdf,Золотоніська філія,О.В
31.pdf,Золотоніська філія,Фізична
31.pdf,Золотоніська філія,Сад.т
31.pdf,Золотоніська філія,Свято
31.pdf,Золотоніська філія,Сонячна
31.pdf,Золотоніська філія,пров
31.pdf,Золотоніська філія,Кільцева
31.pdf,Золотоніська філія,Сад.т
31.pdf,Золотоніська філія,пров
31.pdf,Золотоніська філія,Сосновий
31.pdf,Золотоніська філія,Сад.т
31.pdf,Золотоніська філія,Лісова
31.pdf,Золотоніська філія,Хвильово
31.pdf,Золотоніська філія,Сорочин
31.pdf,Золотоніська філія,Вiддiл
31.pdf,Золотоніська філія,П.П. Юрик
31.pdf,Золотоніська філія,АПК
31.pdf,Золотоніська філія,Будмаркет
31.pdf,Золотоніська філія,аптека
31.pdf,Золотоніська філія,Весняна
31.pdf,Золотоніська філія,Соборна
31.pdf,Золотоніська філія,Корсунь
31.pdf,філія,Харківця
31.pdf,філія,Київська
31.pdf,філія,Абрамцева
31.pdf,філія,Хутірська
31.pdf,філія,Молодіжна
31.pdf,філія,Дорошенка
31.pdf,філія,Руднєва
31.pdf,філія,Чорновола
31.pdf,філія,Симоненка
31.pdf,філія,Єдності
31.pdf,філія,Симоненка
31.pdf,філія,Осипенка
31.pdf,філія,В. Стуса
31.pdf,філія,Хойніцька
31.pdf,філія,Левченка
31.pdf,філія,Парковий
31.pdf,філія,Яблунева
31.pdf,філія,Росьова
31.pdf,філія,Калинова
31.pdf,Смілянська міська філія,молоді та
31.pdf,Смілянська міська філія,Черк.обл
31.pdf,Смілянська міська філія,ОСББ
31.pdf,Смілянська міська філія,Пісковий
31.pdf,Смілянська міська філія,Колесник
31.pdf,Смілянська міська філія,Тютенко
31.pdf,Смілянська міська філія,Зозуля
31.pdf,Смілянська міська філія,Липко
31.pdf,Смілянська міська філія,Мазуренко
31.pdf,Смілянська міська філія,Жежерун
31.pdf,Смілянська міська філія,Гладких
31.pdf,Смілянська міська філія,Липко
31.pdf,Смілянська міська філія,Гайдай
31.pdf,Смілянська міська філія,Редчиць
31.pdf,Смілянська міська філія,Печериця
31.pdf,Смілянська міська філія,Алтанська
31.pdf,Смілянська міська філія,Тищенко
31.pdf,Смілянська міська філія,Прядко
31.pdf,Смілянська міська філія,Богун
31.pdf,Смілянська міська філія,Сергієнко
31.pdf,Смілянська міська філія,Гірська
31.pdf,Смілянська міська філія,Попов
31.pdf,Смілянська міська філія,Бабіцька
31.pdf,Смілянська міська філія,Задорська
31.pdf,Смілянська міська філія,Охріменко
31.pdf,Смілянська міська філія,Ткаченко
31.pdf,Смілянська міська філія,Заріцький
31.pdf,Смілянська міська філія,Жуковіна
31.pdf,Смілянська міська філія,Соборна
31.pdf,Смілянське відділення,х
31.pdf,Смілянське відділення,населення
31.pdf,Смілянське відділення,населення
31.pdf,Смілянське відділення,населення
31.pdf,Смілянське відділення,Дитсадок
31.pdf,"СТ ""ЛІСНЕ"", Філія ""Черкаське лісове господарство Спеціалізованого господарського",школа
31.pdf,"СТ ""ЛІСНЕ"", Філія ""Черкаське лісове господарство Спеціалізованого господарського",лікарня
31.pdf,"СТ ""ЛІСНЕ"", Філія ""Черкаське лісове господарство Спеціалізованого господарського",дит.садок
31.pdf,Чигиринська філія,Пушкіна
31.pdf,Чигиринська філія,П.Тетері
31.pdf,Чигиринська філія,Гоголя
31.pdf,Чигиринська філія,Ф.Коробки
31.pdf,Чигиринська філія,Кривоноса
31.pdf,Чигиринська філія,Кошового
31.pdf,Чигиринська філія,Перемоги
31.pdf,Чигиринська філія,Шкільний
31.pdf,Чигиринська філія,Дубового
31.pdf,Чигиринська філія,А.Чекаля
31.pdf,Чигиринська філія,П.Похила
31.pdf,Чигиринська філія,родини
31.pdf,Чигиринська філія,П.Тетері
31.pdf,Чигиринська філія,Йосипа
31.pdf,Чигиринська філія,Чехова
31.pdf,Чигиринська філія,Я.Щириці
31.pdf,Чигиринська філія,Богуна
31.pdf,Чорнобаївська філія,Вороненці
31.pdf,Шполянська філія,Соборна
31.pdf,Шполянська філія,Молодіжна
31.pdf,Шполянська філія,Зоряна
31.pdf,Шполянська філія,Селищна
31.pdf,Шполянська філія,Кравченка
31.pdf,Шполянська філія,Берегова
31.pdf,Шполянська філія,Зелена
31.pdf,Шполянська філія,Перемоги
31.pdf,Шполянська філія,Соборна
31.pdf,Шполянська філія,Влизька
31.pdf,Шполянська філія,Тур'яна
31.pdf,Шполянська філія,Малинова
31.pdf,Шполянська філія,Краєвидна
31.pdf,Шполянська філія,Садова
31.pdf,Шполянська філія,Свободи
31.pdf,Шполянська філія,Кожедуба
31.pdf,Шполянська філія,Шевченка
31.pdf,Шполянська філія,Лісова
31.pdf,Шполянська філія,Київська
31.pdf,Шполянська філія,Гоголя
31.pdf,Шполянська філія,Малинова
31.pdf,Шполянська філія,Краєвидна
31.pdf,Шполянська філія,Малинова
31.pdf,Шполянська філія,Науменка
31.pdf,Калинопільська філія,Д.П
31.pdf,Калинопільська філія,ще
31.pdf,Калинопільська філія,Єрки
31.pdf,Калинопільська філія,в. Дружби
31.pdf,Тальнівська філія,Кр.Коліна
31.pdf,Тальнівська філія,Піщана
31.pdf,Тальнівська філія,Чеснопіль
31.pdf,Тальнівська філія,Добрянка
31.pdf,Тальнівська філія,Лотошово
31.pdf,Тальнівська філія,Колодисте
31.pdf,Тальнівська філія,Залізниця
31.pdf,Черкаська міська філія,А
31.pdf,Черкаська міська філія,Г.Дніпра
31.pdf,Черкаська міська філія,Б
31.pdf,Черкаська міська філія,Шевченка
31.pdf,Черкаська міська філія,Житлово
31.pdf,Черкаська міська філія,АВЖБ
31.pdf,Черкаська міська філія,Житлово
31.pdf,Черкаська міська філія,Г.Дніпра
31.pdf,Черкаська міська філія,Жужоми
31.pdf,Черкаська міська філія,б
31.pdf,Черкаська міська філія,А
32.pdf,Канівська філія,Костенка
32.pdf,Канівська філія,Івана
32.pdf,Канівська філія,Колгоспна
32.pdf,Канівська філія,Дорошенка
32.pdf,Канівська філія,Пилипенка
32.pdf,Канівська філія,Чорновола
32.pdf,Канівська філія,Науменка
32.pdf,Канівська філія,Ліскова
32.pdf,Канівська філія,Миру
32.pdf,Канівська філія,Перемоги
32.pdf,Канівська філія,Церетелі
32.pdf,Канівська філія,Степова
32.pdf,Канівська філія,Дружби
32.pdf,Канівська філія,Миколи
32.pdf,Канівська філія,Лисенка
32.pdf,Канівська філія,Степова
32.pdf,Маньківська філія,Молодіжна
32.pdf,Маньківська філія,Кобця
32.pdf,Маньківська філія,Пушкіна
32.pdf,Маньківська філія,Мармур
32.pdf,Маньківська філія,ФО Фрей
32.pdf,Монастирищенська філія,населення
32.pdf,Монастирищенська філія,мережі
32.pdf,Монастирищенська філія,р
32.pdf,Монастирищенська філія,Бажана
32.pdf,Монастирищенська філія,Берегова
32.pdf,Монастирищенська філія,Дружби
32.pdf,Монастирищенська філія,Зелена
32.pdf,Монастирищенська філія,Канівська
32.pdf,Монастирищенська філія,Кармелюка
32.pdf,Монастирищенська філія,Каштанова
32.pdf,Монастирищенська філія,Корсунь
32.pdf,Монастирищенська філія,Лесі
32.pdf,Монастирищенська філія,Українки
32.pdf,Монастирищенська філія,Миру
32.pdf,Монастирищенська філія,Одеська
32.pdf,Монастирищенська філія,Пирогова
32.pdf,Монастирищенська філія,Південна
32.pdf,Монастирищенська філія,Піщана
32.pdf,Монастирищенська філія,Рєпіна
32.pdf,Монастирищенська філія,Річкова
32.pdf,Монастирищенська філія,Сонячна
32.pdf,Монастирищенська філія,Степова
32.pdf,Монастирищенська філія,Ігоря
32.pdf,Монастирищенська філія,Трояндова
32.pdf,Монастирищенська філія,Черкаська
32.pdf,Монастирищенська філія,Кобзарева
32.pdf,Монастирищенська філія,Шосейна
32.pdf,Монастирищенська філія,ша
32.pdf,Монастирищенська філія,тя Східна
32.pdf,Монастирищенська філія,Козацька
32.pdf,Монастирищенська філія,Горіхова
32.pdf,Монастирищенська філія,Хоткевича
32.pdf,Монастирищенська філія,Вишивана
32.pdf,Монастирищенська філія,Івана
32.pdf,Монастирищенська філія,Багряного
32.pdf,Монастирищенська філія,Симоненка
32.pdf,Монастирищенська філія,Бетховена
32.pdf,Монастирищенська філія,Вавилова
32.pdf,Монастирищенська філія,Вільямса
32.pdf,Монастирищенська філія,Глібка
32.pdf,Монастирищенська філія,Докучаєва
32.pdf,Монастирищенська філія,Єднання
32.pdf,Монастирищенська філія,Київська
32.pdf,Монастирищенська філія,Мічуріна
32.pdf,Монастирищенська філія,Павлова
32.pdf,Христинівська філія,Гонти
32.pdf,Христинівська філія,І.Сірка
32.pdf,Христинівська філія,Музична
32.pdf,Христинівська філія,Ювілейна
32.pdf,Христинівська філія,Шевченка
32.pdf,Христинівська філія,Соборна
32.pdf,Христинівська філія,Козацька
32.pdf,Христинівська філія,В.Івасюка
32.pdf,Христинівська філія,І.Франка
32.pdf,Христинівська філія,Миру
32.pdf,Христинівська філія,О.Береста
32.pdf,Христинівська філія,Вокзальна
32.pdf,Христинівська філія,В.Стуса
32.pdf,Христинівська філія,П.Орлика
32.pdf,Христинівська філія,Кармелюка
32.pdf,Христинівська філія,В.Любчича
32.pdf,Христинівська філія,І.Мазепи
32.pdf,Христинівська філія,Молодіжна
32.pdf,Христинівська філія,Турчака
32.pdf,Христинівська філія,Лісна
32.pdf,Христинівська філія,пров
32.pdf,Христинівська філія,Гонти
32.pdf,Христинівська філія,Музичний
32.pdf,Христинівська філія,Козацький
32.pdf,Христинівська філія,Чумацький
32.pdf,Христинівська філія,Миру
32.pdf,Христинівська філія,В.Стуса
32.pdf,Христинівська філія,Сонячний
41.pdf,Городищенська філія,Спаська
41.pdf,Городищенська філія,Прорізна
41.pdf,Городищенська філія,Г.Коваля
41.pdf,Городищенська філія,Т. Голого
41.pdf,Городищенська філія,Спаська
41.pdf,Городищенська філія,Трудова
41.pdf,Городищенська філія,Пров
41.pdf,Городищенська філія,Каденюка
41.pdf,Драбівська філія,ради
41.pdf,Драбівська філія,п/п
41.pdf,Драбівська філія,Шевченка
41.pdf,Золотоніська філія,пров
41.pdf,Золотоніська філія,Сосновий
41.pdf,Золотоніська філія,Жовтнева
41.pdf,Золотоніська філія,Холодної
41.pdf,Золотоніська філія,Молодіжна
41.pdf,Золотоніська філія,пров
41.pdf,Золотоніська філія,Червнева
41.pdf,Золотоніська філія,Молодіжна
41.pdf,Золотоніська філія,ФО
41.pdf,Золотоніська філія,Крупське
41.pdf,Золотоніська філія,Шевченка
41.pdf,Золотоніська філія,Упр
41.pdf,Золотоніська філія,ва
41.pdf,Золотоніська філія,Свято
41.pdf,Золотоніська філія,Корсунь
41.pdf,філія,Довга
41.pdf,філія,Лісова
41.pdf,філія,Марценюка
41.pdf,Смілянська міська філія,УПСЗН ВК
41.pdf,Смілянська міська філія,Римсько
41.pdf,Смілянська міська філія,Відділ
41.pdf,Смілянська міська філія,во
41.pdf,Смілянська міська філія,Власенко
41.pdf,Смілянська міська філія,Черепанов
41.pdf,Смілянська міська філія,Зайченко
41.pdf,Смілянська міська філія,Плодиста
41.pdf,Смілянська міська філія,Приходько
41.pdf,Смілянська міська філія,Алієва
41.pdf,Смілянська міська філія,Стогній
41.pdf,Смілянська міська філія,Тамасьян
41.pdf,Смілянська міська філія,Плакса
41.pdf,Смілянська міська філія,Єрмолович
41.pdf,Смілянська міська філія,Шелудько
41.pdf,Смілянська міська філія,Чмеренко
41.pdf,Смілянська міська філія,Ждан
41.pdf,Смілянська міська філія,Стогній
41.pdf,Смілянська міська філія,Гречка
41.pdf,Смілянська міська філія,Цибенко
41.pdf,Смілянська міська філія,Ковтун
41.pdf,Смілянська міська філія,Чорна
41.pdf,Смілянська міська філія,Гуріненко
41.pdf,Смілянська міська філія,Мінаєва
41.pdf,Смілянська міська філія,Дибенко
41.pdf,Смілянська міська філія,Антоненко
41.pdf,Смілянська міська філія,Левіна
41.pdf,Смілянська міська філія,Альтварг
41.pdf,Смілянська міська філія,Кривенко
41.pdf,Смілянська міська філія,Прядко
41.pdf,Смілянська міська філія,Заєць
41.pdf,Смілянська міська філія,Попович
41.pdf,Смілянська міська філія,Манушкіна
41.pdf,Смілянська міська філія,Бевзенко
41.pdf,Смілянська міська філія,Ястребов
41.pdf,Смілянська міська філія,Євсєєва
41.pdf,Смілянська міська філія,Лихолай
41.pdf,Смілянська міська філія,Коломієць
41.pdf,Смілянська міська філія,Ільченко
41.pdf,Смілянська міська філія,Ключка
41.pdf,Смілянська міська філія,Юхимець
41.pdf,Смілянська міська філія,Пугач
41.pdf,Смілянська міська філія,Полєвой
41.pdf,Смілянська міська філія,Скорик
41.pdf,Смілянська міська філія,Лихолай
41.pdf,Смілянська міська філія,Буряк
41.pdf,Смілянська міська філія,Бугайов
41.pdf,Смілянська міська філія,Панченко
41.pdf,Смілянська міська філія,Мірза
41.pdf,Смілянська міська філія,Теплуха
41.pdf,Смілянська міська філія,Зайченко
41.pdf,Смілянська міська філія,Масюк
41.pdf,Смілянська міська філія,Соколан
41.pdf,Смілянська міська філія,Сухідько
41.pdf,Смілянська міська філія,Княжева
41.pdf,Смілянська міська філія,Рівна
41.pdf,Смілянська міська філія,Сидоров
41.pdf,Смілянська міська філія,Острик
41.pdf,Смілянська міська філія,Кусайко
41.pdf,Смілянська міська філія,Трикоз
41.pdf,Смілянська міська філія,Григорова
41.pdf,Смілянська міська філія,Литвин
41.pdf,Смілянська міська філія,Маланчук
41.pdf,Смілянська міська філія,Лукашкін
41.pdf,Смілянська міська філія,Бусаєва
41.pdf,Смілянська міська філія,Заріцький
41.pdf,Смілянська міська філія,Полєвой
41.pdf,Смілянська міська філія,Підлубна
41.pdf,Смілянська міська філія,Острик
41.pdf,Смілянська міська філія,Штангеєва
41.pdf,Смілянська міська філія,Дубик
41.pdf,Смілянська міська філія,Скорик
41.pdf,Смілянська міська філія,Біляєв
41.pdf,Смілянська міська філія,Зайченко
41.pdf,Смілянська міська філія,Григорова
41.pdf,Смілянська міська філія,Шайко
41.pdf,Смілянська міська філія,Кандиба
41.pdf,Смілянська міська філія,Хандусь
41.pdf,Смілянська міська філія,Пілінога
41.pdf,Смілянська міська філія,Бейлекчі
41.pdf,Смілянська міська філія,Єгоров
41.pdf,Смілянська міська філія,Плющ
41.pdf,Смілянська міська філія,Федоренко
41.pdf,Смілянська міська філія,Іванов
41.pdf,Смілянська міська філія,Кушнір
41.pdf,Смілянська міська філія,Холод
41.pdf,Смілянська міська філія,Демченко
41.pdf,Смілянська міська філія,Черничко
41.pdf,Смілянська міська філія,Плющ
41.pdf,Смілянська міська філія,Фендюр
41.pdf,Смілянська міська філія,Крук
41.pdf,Смілянська міська філія,Ніколенко
41.pdf,Смілянська міська філія,Бородіна
41.pdf,Смілянська міська філія,Гончарук
41.pdf,Смілянська міська філія,Стружко
41.pdf,Смілянська міська філія,Кандиба
41.pdf,Смілянська міська філія,Ніколаєв
41.pdf,Смілянська міська філія,Куценко
41.pdf,Смілянська міська філія,Анасенко
41.pdf,Смілянська міська філія,Лихолай
41.pdf,Смілянська міська філія,Донченко
41.pdf,Смілянська міська філія,Решотка
41.pdf,Смілянська міська філія,ДП
41.pdf,Смілянська міська філія,Солган
41.pdf,Смілянська міська філія,Коробков
41.pdf,Смілянська міська філія,Тітков
41.pdf,Смілянська міська філія,Чекаль
41.pdf,Смілянська міська філія,Грушовий
41.pdf,Смілянська міська філія,Єщенко
41.pdf,Смілянська міська філія,Шестакова
41.pdf,Смілянська міська філія,Фурман
41.pdf,Смілянська міська філія,Трушина
41.pdf,Смілянська міська філія,Скляр
41.pdf,Смілянська міська філія,Кузьменко
41.pdf,Смілянська міська філія,Федун
41.pdf,Смілянська міська філія,Шевчук
41.pdf,Смілянська міська філія,Кодола
41.pdf,Смілянська міська філія,Кривенко
41.pdf,Смілянська міська філія,Демченко
41.pdf,Смілянська міська філія,Труш
41.pdf,Смілянська міська філія,Соловйов
41.pdf,Смілянська міська філія,Болюбах
41.pdf,Смілянська міська філія,Царюк
41.pdf,Смілянська міська філія,Бойко
41.pdf,Смілянська міська філія,Хоменко
41.pdf,Смілянська міська філія,Хало
41.pdf,Смілянська міська філія,Ярошенко
41.pdf,Смілянська міська філія,Болілий
41.pdf,Смілянська міська філія,Савченко
41.pdf,Смілянська міська філія,Роговик
41.pdf,Смілянська міська філія,Тарасевич
41.pdf,Смілянська міська філія,Попова
41.pdf,Смілянська міська філія,Гончар
41.pdf,Смілянська міська філія,Сіденко
41.pdf,Смілянська міська філія,Бабченко
41.pdf,Смілянська міська філія,Римар
41.pdf,Смілянська міська філія,Бурлака
41.pdf,Смілянська міська філія,Роговик
41.pdf,Смілянська міська філія,Сегеда
41.pdf,Смілянська міська філія,Портянко
41.pdf,відділення,населення
41.pdf,відділення,населення
41.pdf,відділення,садок
41.pdf,"ТОВ ""Електросвіт"", КП ""ВП ""Агроекологія"", відділення ""Ощадбанку""",школа
41.pdf,"ТОВ ""Електросвіт"", КП ""ВП ""Агроекологія"", відділення ""Ощадбанку""",клуб
41.pdf,Чигиринська філія,Садова
41.pdf,Чигиринська філія,Нова
41.pdf,Чигиринська філія,Гагаріна
41.pdf,Чигиринська філія,Черкаська
41.pdf,Чигиринська філія,Слави
41.pdf,Чигиринська філія,Піщана
41.pdf,Чигиринська філія,Заозерна
41.pdf,Чигиринська філія,Торгова
41.pdf,Чигиринська філія,й Садовий
41.pdf,Чигиринська філія,Загора
41.pdf,Чигиринська філія,й Садовий
41.pdf,Чигиринська філія,Л.Капусти
41.pdf,Чигиринська філія,Піщаний
41.pdf,Чигиринська філія,Торговий
41.pdf,Чигиринська філія,Фортечний
41.pdf,госпрозрахункове кооппідприемство,Населення
41.pdf,госпрозрахункове кооппідприемство,Рокитна
41.pdf,госпрозрахункове кооппідприемство,Шмига
41.pdf,госпрозрахункове кооппідприемство,Степова
41.pdf,госпрозрахункове кооппідприемство,Молодіжна
41.pdf,госпрозрахункове кооппідприемство,Дружби
41.pdf,госпрозрахункове кооппідприемство,Свободи
41.pdf,госпрозрахункове кооппідприемство,Вишнева
41.pdf,госпрозрахункове кооппідприемство,О.Береста
41.pdf,госпрозрахункове кооппідприемство,Жовтнева
41.pdf,госпрозрахункове кооппідприемство,Слинька
41.pdf,госпрозрахункове кооппідприемство,Черкаська
41.pdf,госпрозрахункове кооппідприемство,Майорська
41.pdf,госпрозрахункове кооппідприемство,Тютюнтка
41.pdf,госпрозрахункове кооппідприемство,Некрасова
41.pdf,госпрозрахункове кооппідприемство,"Ковалів, Миру, Набережна, Шевченка, пров"
41.pdf,госпрозрахункове кооппідприемство,Зелений
41.pdf,госпрозрахункове кооппідприемство,Козацький
41.pdf,госпрозрахункове кооппідприемство,Гагаріна
41.pdf,госпрозрахункове кооппідприемство,Травнева
41.pdf,госпрозрахункове кооппідприемство,Перемоги
41.pdf,госпрозрахункове кооппідприемство,Виргана
41.pdf,госпрозрахункове кооппідприемство,Козацький
41.pdf,госпрозрахункове кооппідприемство,Корольова
41.pdf,госпрозрахункове кооппідприемство,Княжий
41.pdf,госпрозрахункове кооппідприемство,Гоголя
41.pdf,госпрозрахункове кооппідприемство,Суворова
41.pdf,госпрозрахункове кооппідприемство,Пушкіна
41.pdf,госпрозрахункове кооппідприемство,Вишнева
41.pdf,госпрозрахункове кооппідприемство,зелений
41.pdf,госпрозрахункове кооппідприемство,Дружби
41.pdf,госпрозрахункове кооппідприемство,Борзяка
41.pdf,госпрозрахункове кооппідприемство,Береговий
41.pdf,Шполянська філія,Низова
41.pdf,Шполянська філія,ДарЇвська
41.pdf,Шполянська філія,О.Кунця
41.pdf,Шполянська філія,Різдвяна
41.pdf,Шполянська філія,Фоміна
41.pdf,Шполянська філія,Козиря
41.pdf,Шполянська філія,Кобзаря
41.pdf,Шполянська філія,Миру
41.pdf,Шполянська філія,Ярового
41.pdf,Шполянська філія,Зоряна
41.pdf,Шполянська філія,Миколи
41.pdf,Шполянська філія,Амосова
41.pdf,Шполянська філія,Яблунева
41.pdf,Шполянська філія,Фоміна
41.pdf,Шполянська філія,Ягідна
41.pdf,Шполянська філія,Кожедуба
41.pdf,Шполянська філія,Тракторна
41.pdf,Шполянська філія,Прошина
41.pdf,Шполянська філія,Київська
41.pdf,Шполянська філія,Свободи
41.pdf,Шполянська філія,Миру
41.pdf,Шполянська філія,Заводська
41.pdf,Шполянська філія,Челюскіна
41.pdf,Шполянська філія,Лисенка
41.pdf,Шполянська філія,Зарічна
41.pdf,Шполянська філія,Єдності
41.pdf,Шполянська філія,Лисенка
41.pdf,Шполянська філія,Берегова
41.pdf,"Філія АТ ДПЗКУ ""Шполянський елеватор""",Шевченка
41.pdf,"Філія АТ ДПЗКУ ""Шполянський елеватор""",Чорновола
41.pdf,"Філія АТ ДПЗКУ ""Шполянський елеватор""",Прозора
41.pdf,"Філія АТ ДПЗКУ ""Шполянський елеватор""",Короленка
41.pdf,"Філія АТ ДПЗКУ ""Шполянський елеватор""",Калинова
41.pdf,"Філія АТ ДПЗКУ ""Шполянський елеватор""",Забережна
41.pdf,"Філія АТ ДПЗКУ ""Шполянський елеватор""",Акопяна
41.pdf,Калинопільська філія,Гончариха
41.pdf,Калинопільська філія,в. Озірна
41.pdf,Калинопільська філія,в. Лісова
41.pdf,Калинопільська філія,в.Героїв
41.pdf,Калинопільська філія,Чорнобиля
41.pdf,Тальнівська філія,Антонівка
41.pdf,Черкаська міська філія,В РП
41.pdf,Черкаська міська філія,прв
41.pdf,Черкаська міська філія,А
41.pdf,Черкаська міська філія,б
41.pdf,Черкаська міська філія,ФО
41.pdf,Черкаська міська філія,ОСББ
41.pdf,Черкаська міська філія,Гоголя
41.pdf,Черкаська міська філія,І.Франка
41.pdf,Черкаська міська філія,Шевченка
41.pdf,Черкаська міська філія,проспект
41.pdf,Черкаська міська філія,Перемоги
41.pdf,Черкаська міська філія,Кавказька
41.pdf,Черкаська міська філія,Стуса
41.pdf,Черкаська міська філія,Франка
41.pdf,Черкаська міська філія,ГСО
41.pdf,Черкаська міська філія,Весела
41.pdf,Черкаська міська філія,Кавказька
41.pdf,Черкаська міська філія,Б
41.pdf,Черкаська міська філія,Кривоноса
41.pdf,Черкаська міська філія,В
41.pdf,Черкаська міська філія,Дачний
42.pdf,Канівська філія,Шевченка
42.pdf,Канівська філія,Торгова
42.pdf,Канівська філія,Підстінок
42.pdf,Канівська філія,Бесарабія
42.pdf,Канівська філія,Ісковщина
42.pdf,Канівська філія,Джирельна
42.pdf,Канівська філія,Дунайська
42.pdf,Канівська філія,Корчаки
42.pdf,Канівська філія,Набережна
42.pdf,Канівська філія,Сельце
42.pdf,Жашківська філія,Вороне
42.pdf,Жашківська філія,Хижня
42.pdf,Жашківська філія,Одая
42.pdf,Жашківська філія,Сабадаш
42.pdf,Жашківська філія,Побійна
42.pdf,Лисянська філія,Українки
42.pdf,Лисянська філія,Стукала
42.pdf,Лисянська філія,Мічуріна
42.pdf,Лисянська філія,пров.Миру
42.pdf,Лисянська філія,Тютюнника
42.pdf,Маньківська філія,Ханест
42.pdf,Монастирищенська філія,населення
42.pdf,Монастирищенська філія,населення
42.pdf,Монастирищенська філія,Тарасівка
42.pdf,Монастирищенська філія,населення
42.pdf,Монастирищенська філія,Залізняка
42.pdf,Монастирищенська філія,Заводська
42.pdf,Монастирищенська філія,Північна
42.pdf,Монастирищенська філія,Зоряна
42.pdf,Монастирищенська філія,Ганжі
42.pdf,Монастирищенська філія,Східна
42.pdf,Монастирищенська філія,ВЕЙ
42.pdf,Монастирищенська філія,УТК
42.pdf,Монастирищенська філія,Мікоген
42.pdf,Монастирищенська філія,центр
42.pdf,Христинівська філія,Кільцева
42.pdf,Христинівська філія,Шевченка
42.pdf,Христинівська філія,Жовтнева
42.pdf,Христинівська філія,І.Франка
42.pdf,Христинівська філія,Тиха
42.pdf,Христинівська філія,Садова
42.pdf,Христинівська філія,Молодіжна
42.pdf,Христинівська філія,Зарічна
42.pdf,Христинівська філія,Миру
42.pdf,Христинівська філія,Тихий
42.pdf,Христинівська філія,Козацька
42.pdf,Христинівська філія,Летичівка
42.pdf,Христинівська філія,Шевченка
42.pdf,Христинівська філія,І.Гонти
42.pdf,Христинівська філія,Свято
42.pdf,Христинівська філія,Садова
51.pdf,Городищенська філія,Діжева
51.pdf,Городищенська філія,Лісна
51.pdf,Городищенська філія,Набережна
51.pdf,Городищенська філія,Піщана
51.pdf,Городищенська філія,Садова
51.pdf,Городищенська філія,Слюсарна
51.pdf,Городищенська філія,Шевченка
51.pdf,Городищенська філія,Фесенка
51.pdf,Городищенська філія,Руденкове
51.pdf,Городищенська філія,пров
51.pdf,Городищенська філія,Шевченка
51.pdf,Городищенська філія,Пушкiна
51.pdf,Городищенська філія,Гагарiна
51.pdf,Драбівська філія,Берегова
51.pdf,Драбівська філія,Спаська
51.pdf,Драбівська філія,Басейна
51.pdf,Драбівська філія,Розрізна
51.pdf,Драбівська філія,Кривошеї
51.pdf,Драбівська філія,Перемоги
51.pdf,Драбівська філія,Корольова
51.pdf,Драбівська філія,Заглядов
51.pdf,Драбівська філія,Каргалик
51.pdf,Драбівська філія,Чермет
51.pdf,Золотоніська філія,Шафар Р.В
51.pdf,Золотоніська філія,Берегова
51.pdf,Золотоніська філія,й
51.pdf,Золотоніська філія,Згарський
51.pdf,Золотоніська філія,ва
51.pdf,Золотоніська філія,й Луговий
51.pdf,Золотоніська філія,й Низовий
51.pdf,Золотоніська філія,Карого
51.pdf,Золотоніська філія,ЖБК
51.pdf,Золотоніська філія,ОСББ
51.pdf,Золотоніська філія,Полях В В
51.pdf,Золотоніська філія,ФО
51.pdf,Золотоніська філія,Замкова
51.pdf,Золотоніська філія,й Новий
51.pdf,Золотоніська філія,й Новий
51.pdf,Золотоніська філія,Тюліна
51.pdf,Золотоніська філія,й Гоголя
51.pdf,Золотоніська філія,Українки
51.pdf,Золотоніська філія,д
51.pdf,Золотоніська філія,Пушкіна
51.pdf,Золотоніська філія,Вишнева
51.pdf,Золотоніська філія,Берегова
51.pdf,Золотоніська філія,Сонячна )
51.pdf,Золотоніська філія,Польва
51.pdf,Золотоніська філія,Садова
51.pdf,Золотоніська філія,Шевченка
51.pdf,Золотоніська філія,Молодіжна
51.pdf,Золотоніська філія,Польова
51.pdf,Золотоніська філія,Корсунь
51.pdf,філія,Садова
51.pdf,філія,Світла
51.pdf,філія,Березнева
51.pdf,філія,Шевченка
51.pdf,філія,Круглик
51.pdf,філія,Заводська
51.pdf,філія,Польова
51.pdf,філія,Прорізна
51.pdf,філія,Тихий
51.pdf,філія,Гайовий
51.pdf,філія,Комарівка
51.pdf,філія,Хильки
51.pdf,філія,Нова Буда
51.pdf,філія,Заріччя
51.pdf,філія,Сидорівка
51.pdf,філія,Склименці
51.pdf,філія,Виграїв
51.pdf,філія,Нехворощ
51.pdf,філія,Пішки
51.pdf,філія,Моринці
51.pdf,філія,Ситники
51.pdf,філія,Сотники
51.pdf,філія,Киченці
51.pdf,Смілянська міська філія,УЖКГ
51.pdf,Смілянська міська філія,БДЮТ
51.pdf,Смілянська міська філія,гімназія
51.pdf,Смілянська міська філія,Царюк
51.pdf,Смілянська міська філія,Міщенко
51.pdf,Смілянська міська філія,Шпак
51.pdf,Смілянська міська філія,Марченко
51.pdf,Смілянська міська філія,Кисленко
51.pdf,Смілянська міська філія,Таран
51.pdf,Смілянська міська філія,а
51.pdf,Смілянська міська філія,Єщенко
51.pdf,Смілянська міська філія,Вакуленко
51.pdf,Смілянська міська філія,Грушова
51.pdf,Смілянська міська філія,Кулінська
51.pdf,Смілянська міська філія,Стригун
51.pdf,Смілянська міська філія,Калашник
51.pdf,Смілянська міська філія,Редчиць
51.pdf,Смілянська міська філія,Мигит
51.pdf,Смілянська міська філія,Олійник
51.pdf,Смілянська міська філія,Тищенко
51.pdf,Смілянська міська філія,Шемонаєв
51.pdf,Смілянська міська філія,Шумаков
51.pdf,Смілянська міська філія,Головін
51.pdf,Смілянська міська філія,Чубіна
51.pdf,Смілянська міська філія,Милько
51.pdf,Смілянська міська філія,Анасенко
51.pdf,Смілянська міська філія,Крамар
51.pdf,Смілянська міська філія,БДЮТ
51.pdf,Смілянська міська філія,Савчук
51.pdf,Смілянська міська філія,Гудумак
51.pdf,Смілянська міська філія,Слухай
51.pdf,Смілянська міська філія,Третьяк
51.pdf,Смілянська міська філія,Тимошенко
51.pdf,Смілянська міська філія,Гриценко
51.pdf,Смілянська міська філія,Кольцова
51.pdf,Смілянська міська філія,Шавкун
51.pdf,Смілянська міська філія,Одородько
51.pdf,Смілянська міська філія,Сміян
51.pdf,Смілянська міська філія,Григор'єв
51.pdf,Смілянська міська філія,Черничко
51.pdf,Смілянська міська філія,Чумак
51.pdf,Смілянська міська філія,Кладченко
51.pdf,Смілянська міська філія,Виговська
51.pdf,Смілянська міська філія,Рибак
51.pdf,Смілянська міська філія,Гладкий
51.pdf,Смілянська міська філія,Пітенко
51.pdf,Смілянська міська філія,Шпихова
51.pdf,Смілянська міська філія,Євсеєва
51.pdf,Смілянська міська філія,Стригун
51.pdf,Смілянська міська філія,Редчиць
51.pdf,Смілянська міська філія,Ткаченко
51.pdf,Смілянська міська філія,Буць
51.pdf,Смілянська міська філія,Березань
51.pdf,Смілянська міська філія,Селезень
51.pdf,Смілянська міська філія,Норін
51.pdf,Смілянська міська філія,Яковлева
51.pdf,Смілянська міська філія,Мкртчян
51.pdf,Смілянська міська філія,Власов
51.pdf,Смілянська міська філія,Сергієнко
51.pdf,Смілянське відділення,школа
51.pdf,Смілянське відділення,Дружби
51.pdf,Смілянське відділення,Давиденка
51.pdf,Смілянське відділення,Сосновий
51.pdf,Смілянське відділення,Мирний
51.pdf,Смілянське відділення,Луговий
51.pdf,Смілянське відділення,Молодіжна
51.pdf,Смілянське відділення,і.Франка
51.pdf,Смілянське відділення,Набережна
51.pdf,Смілянське відділення,Лісний )
51.pdf,Смілянське відділення,ну
51.pdf,Смілянське відділення,дозвілля
51.pdf,Смілянське відділення,Школа
51.pdf,Смілянське відділення,Просіка
51.pdf,Смілянське відділення,Орлика
51.pdf,Чорнобаївська філія,Населення
51.pdf,Шполянська філія,Г
51.pdf,Шполянська філія,школа
51.pdf,Шполянська філія,Польова
51.pdf,Шполянська філія,Подільна
51.pdf,Шполянська філія,Г
51.pdf,Шполянська філія,Лисенка
51.pdf,Шполянська філія,Молодіжна
51.pdf,Шполянська філія,Набережна
51.pdf,Шполянська філія,Дружби
51.pdf,Шполянська філія,Лиса Гора
51.pdf,Шполянська філія,Шевченка
51.pdf,Шполянська філія,Р'ябцівка
51.pdf,Шполянська філія,г
51.pdf,Шполянська філія,Польова
51.pdf,Шполянська філія,Сонячна
51.pdf,Шполянська філія,Молодіжна
51.pdf,Шполянська філія,Шевченка
51.pdf,Шполянська філія,Дружби
51.pdf,Шполянська філія,Миру
51.pdf,Артемовського,Кленова
51.pdf,Артемовського,Г
51.pdf,Артемовського,Шевченка
51.pdf,Артемовського,Свободи
51.pdf,Артемовського,Є.Лисенка
51.pdf,Артемовського,частково
51.pdf,Артемовського,Набережна
51.pdf,Артемовського,Соборна
51.pdf,Калинопільська філія,Вербівець
51.pdf,Калинопільська філія,Укрпошта
51.pdf,Калинопільська філія,ліцей
51.pdf,Калинопільська філія,аптека
51.pdf,Калинопільська філія,в.Соборна
51.pdf,Калинопільська філія,ще Єрки
51.pdf,Калинопільська філія,в.Сінна
51.pdf,Тальнівська філія,Зеленьків
51.pdf,Черкаська міська філія,ІІ
51.pdf,Черкаська міська філія,Південна
51.pdf,Черкаська міська філія,Б
51.pdf,Черкаська міська філія,А
51.pdf,Черкаська міська філія,гараж
51.pdf,Черкаська міська філія,Садова
51.pdf,Черкаська міська філія,пров
51.pdf,Черкаська міська філія,пров
51.pdf,Черкаська міська філія,прв. Амет
51.pdf,Черкаська міська філія,прв. Амет
51.pdf,Черкаська міська філія,ЧАРЗ
51.pdf,Черкаська міська філія,Яру
51.pdf,Черкаська міська філія,А
51.pdf,Черкаська міська філія,Маци ст.л
51.pdf,Черкаська міська філія,прв
51.pdf,Черкаська міська філія,прв. Амет
51.pdf,Черкаська міська філія,Полтавця
51.pdf,Черкаська міська філія,Б
51.pdf,Черкаська міська філія,Джаліля
51.pdf,Черкаська міська філія,Максима
51.pdf,Черкаська міська філія,Залізняка
51.pdf,Черкаська міська філія,Шота
51.pdf,Черкаська міська філія,Руставелі
51.pdf,Черкаська міська філія,Уманський
51.pdf,Черкаська міська філія,Верхня
51.pdf,Черкаська міська філія,горова
51.pdf,Черкаська міська філія,Узвози
51.pdf,Черкаська міська філія,Марусі
51.pdf,Черкаська міська філія,Чурай
51.pdf,Черкаська міська філія,Канівська
51.pdf,Черкаська міська філія,Святителя
51.pdf,Черкаська міська філія,Надпільна
51.pdf,Черкаська міська філія,Стуса
51.pdf,Черкаська міська філія,а
51.pdf,Черкаська міська філія,Франка
51.pdf,Черкаська міська філія,Шевченка
51.pdf,Черкаська міська філія,Івася
51.pdf,Черкаська міська філія,Одеська
52.pdf,,об'єктів
52.pdf,Канівська філія,Кошового
52.pdf,Жашківська філія,Павлівка
52.pdf,Жашківська філія,Баштечки
52.pdf,Маньківська філія,об'єктів
52.pdf,Маньківська філія,"Медюк, населення"
52.pdf,Маньківська філія,школа
52.pdf,філія,об'єктів
52.pdf,філія,мережі
52.pdf,філія,Інженерна
52.pdf,філія,Польська
52.pdf,філія,Успенська
52.pdf,філія,Трояна
52.pdf,філія,Івасюка
52.pdf,філія,Набережна
52.pdf,філія,Тютюнника
52.pdf,філія,Левадна
52.pdf,філія,Мазепи
52.pdf,філія,Івана
52.pdf,філія,Богуна
52.pdf,Христинівська філія,з
52.pdf,Христинівська філія,Лисенка
52.pdf,Христинівська філія,Крайня
52.pdf,Христинівська філія,Села
52.pdf,Христинівська філія,об'єктів
52.pdf,Христинівська філія,Сиророб
61.pdf,,області
61.pdf,Городищенська філія,Мліїв
61.pdf,Городищенська філія,вського
61.pdf,Городищенська філія,Лялька
61.pdf,Городищенська філія,Лютнева
61.pdf,Городищенська філія,Озерна
61.pdf,Городищенська філія,Франка
61.pdf,Городищенська філія,Київська
61.pdf,Городищенська філія,Гагарiна
61.pdf,Городищенська філія,Польо
61.pdf,Городищенська філія,"ва, Лисенко"
61.pdf,Городищенська філія,Шкільна
61.pdf,Городищенська філія,Шевченка
61.pdf,Городищенська філія,Козацька
61.pdf,Городищенська філія,Вишнева
61.pdf,Городищенська філія,Толстого
61.pdf,Городищенська філія,Садова
61.pdf,Городищенська філія,Миру
61.pdf,Городищенська філія,Сосновка
61.pdf,Городищенська філія,Ожина
61.pdf,Городищенська філія,Цегельня
61.pdf,Городищенська філія,Гараня
61.pdf,Городищенська філія,Буркута
61.pdf,Городищенська філія,Молодiжна
61.pdf,Городищенська філія,Шкiльний
61.pdf,Городищенська філія,Скіття
61.pdf,Городищенська філія,Толстого
61.pdf,Городищенська філія,Лісна
61.pdf,Городищенська філія,Чехова
61.pdf,Городищенська філія,Д.Кушніра
61.pdf,Городищенська філія,Набережна
61.pdf,Городищенська філія,П
61.pdf,Городищенська філія,Полуботка
61.pdf,Городищенська філія,Гончарна
61.pdf,Городищенська філія,Джулаївка
61.pdf,Городищенська філія,Гейківка
61.pdf,Городищенська філія,Грицаєвий
61.pdf,Драбівська філія,Петро
61.pdf,Драбівська філія,області
61.pdf,Драбівська філія,Населення
61.pdf,Драбівська філія,Поповича
61.pdf,Драбівська філія,Набережна
61.pdf,Драбівська філія,Нова
61.pdf,Драбівська філія,Ланова
61.pdf,Драбівська філія,Гоголя
61.pdf,Драбівська філія,Дружби
61.pdf,Драбівська філія,Зарічна
61.pdf,Драбівська філія,Гагаріна
61.pdf,Драбівська філія,Садова
61.pdf,Драбівська філія,Сонячна
61.pdf,Драбівська філія,Безіменна
61.pdf,Драбівська філія,Польова
61.pdf,Драбівська філія,Нова
61.pdf,Драбівська філія,Осіння
61.pdf,Золотоніська філія,Iванович
61.pdf,Золотоніська філія,ФО
61.pdf,Золотоніська філія,пров
61.pdf,Золотоніська філія,Симоненка
61.pdf,Золотоніська філія,області
61.pdf,Золотоніська філія,Заводська
61.pdf,Золотоніська філія,Тулуб
61.pdf,Золотоніська філія,Черкаська
61.pdf,Золотоніська філія,во
61.pdf,Золотоніська філія,Вишнева
61.pdf,Золотоніська філія,області
61.pdf,Золотоніська філія,Майдану
61.pdf,Золотоніська філія,Носа
61.pdf,Золотоніська філія,Г.Майдану
61.pdf,Золотоніська філія,Козацька
61.pdf,Золотоніська філія,І.Франка
61.pdf,Золотоніська філія,Степова
61.pdf,Золотоніська філія,Молодіжна
61.pdf,Золотоніська філія,Семеренка
61.pdf,Золотоніська філія,Зелена
61.pdf,Золотоніська філія,Станційна
61.pdf,Золотоніська філія,Корсунь
61.pdf,філія,Прутильці
61.pdf,філія,Дацьки
61.pdf,філія,Яблунівка
61.pdf,філія,Волочай
61.pdf,філія,Карасьов
61.pdf,філія,Фабрична
61.pdf,філія,Лісова
61.pdf,філія,Гагаріна
61.pdf,філія,Сонячна
61.pdf,філія,Дружна
61.pdf,філія,Озерна
61.pdf,філія,І.Франка
61.pdf,філія,Дружби
61.pdf,філія,Росьова
61.pdf,філія,Зоряна
61.pdf,філія,Міцерука
61.pdf,філія,Шевченка
61.pdf,філія,області
61.pdf,філія,Чіковані
61.pdf,філія,Козацька
61.pdf,філія,Шевська
61.pdf,філія,Вишнева
61.pdf,філія,Дружна
61.pdf,філія,Молодіжна
61.pdf,філія,Хоробра
61.pdf,філія,Миру
61.pdf,філія,Вишнева
61.pdf,філія,Набережна
61.pdf,Смілянська міська філія,СПЕК ЧДТУ
61.pdf,Смілянська міська філія,СПЕК ЧДТУ
61.pdf,Смілянська міська філія,Редчиць
61.pdf,Смілянська міська філія,Кошолап
61.pdf,Смілянська міська філія,Войтенко
61.pdf,Смілянська міська філія,Хоменко
61.pdf,Смілянська міська філія,Підлубна
61.pdf,Смілянська міська філія,Маценко
61.pdf,Смілянська міська філія,Ульяненко
61.pdf,Смілянська міська філія,УЖКГ
61.pdf,Смілянська міська філія,Україна
61.pdf,Смілянська міська філія,Фадєєва
61.pdf,Смілянська міська філія,Сілко
61.pdf,Смілянська міська філія,Федоренко
61.pdf,Смілянська міська філія,області
61.pdf,Смілянська міська філія,Заборенко
61.pdf,Смілянська міська філія,Подобін
61.pdf,Смілянська міська філія,Солодка
61.pdf,Смілянська міська філія,Зайченко
61.pdf,Смілянська міська філія,Якушин
61.pdf,Смілянська міська філія,Крепосна
61.pdf,Смілянська міська філія,Олененко
61.pdf,Смілянська міська філія,НВК
61.pdf,Смілянська міська філія,Глущенко
61.pdf,Смілянська міська філія,Савельєв
61.pdf,Смілянська міська філія,Андреєв
61.pdf,Смілянська міська філія,Гладкий
61.pdf,Смілянське відділення,х
61.pdf,Смілянське відділення,населення
61.pdf,Смілянське відділення,населення
61.pdf,Смілянське відділення,п/п Шоха
61.pdf,Смілянське відділення,Облпаливо
61.pdf,Смілянське відділення,Вторметал
61.pdf,Смілянське відділення,ЧП Тендер
61.pdf,Смілянське відділення,Юності
61.pdf,Смілянське відділення,Макаренка
61.pdf,Смілянське відділення,п/п
61.pdf,Смілянське відділення,населення
61.pdf,Смілянське відділення,"п/п, населення"
61.pdf,Смілянське відділення,області
61.pdf,Смілянське відділення,Дит.садок
61.pdf,Смілянське відділення,ВЧ
61.pdf,Смілянське відділення,області
61.pdf,Смілянське відділення,го Травня
61.pdf,Смілянське відділення,гараж
61.pdf,Смілянське відділення,склад
61.pdf,Чигиринська філія,області
61.pdf,Чигиринська філія,Топилівка
61.pdf,Чорнобаївська філія,в Канівці
61.pdf,Чорнобаївська філія,Кримова
61.pdf,Шполянська філія,Соняшна
61.pdf,Шполянська філія,Кавказька
61.pdf,Шполянська філія,Молодіжна
61.pdf,Шполянська філія,Садова
61.pdf,Шполянська філія,Дружби
61.pdf,Шполянська філія,Соборна
61.pdf,Шполянська філія,Таранця
61.pdf,Шполянська філія,Гоголя
61.pdf,Шполянська філія,Крупської
61.pdf,Шполянська філія,П.Орлика
61.pdf,Шполянська філія,Вишнева
61.pdf,Шполянська філія,Щедріна
61.pdf,Шполянська філія,Каштанова
61.pdf,Калинопільська філія,області
61.pdf,Калинопільська філія,в. Дружби
61.pdf,Черкаська міська філія,Корольова
61.pdf,Черкаська міська філія,області
61.pdf,Черкаська міська філія,Руставі
61.pdf,Черкаська міська філія,Тараскова
61.pdf,Черкаська міська філія,Вернигори
61.pdf,Черкаська міська філія,області
61.pdf,Черкаська міська філія,тр Шевч
62.pdf,Канівська філія,Жмаченка
62.pdf,Канівська філія,Довженка
62.pdf,Канівська філія,Б.Ступки
62.pdf,Канівська філія,Травня
62.pdf,Жашківська філія,ТП
62.pdf,Жашківська філія,Волошкова
62.pdf,Жашківська філія,Фіалкова
62.pdf,Жашківська філія,Живописна
62.pdf,Жашківська філія,Дзвінка
62.pdf,Жашківська філія,Паркова
62.pdf,Жашківська філія,Радгоспна
62.pdf,Жашківська філія,Совича
62.pdf,Жашківська філія,Багряний
62.pdf,Жашківська філія,І.Франка
62.pdf,Жашківська філія,Лазурна
62.pdf,Жашківська філія,Дібровна
62.pdf,Жашківська філія,Долинна
62.pdf,Жашківська філія,Ранкова
62.pdf,Жашківська філія,Залужна
62.pdf,Жашківська філія,Трояндова
62.pdf,Жашківська філія,Баумана
62.pdf,Жашківська філія,Малинова
62.pdf,Жашківська філія,Серпнева
62.pdf,Жашківська філія,Яблунева
62.pdf,Жашківська філія,Березова
62.pdf,Маньківська філія,Оранта
62.pdf,Маньківська філія,Аваль
62.pdf,Маньківська філія,універмаг
62.pdf,Маньківська філія,Сонячна
62.pdf,Маньківська філія,Зоряна
62.pdf,Маньківська філія,Квіткова
62.pdf,Маньківська філія,Довженка
62.pdf,Маньківська філія,Гагаріна
62.pdf,Маньківська філія,Садова
62.pdf,Маньківська філія,Калинова
62.pdf,Маньківська філія,Федюкова
62.pdf,філія,населення
62.pdf,філія,населення
62.pdf,філія,населення
62.pdf,філія,Уманські
62.pdf,філія,Польська
62.pdf,філія,Тищика
62.pdf,філія,Київська
62.pdf,філія,України
62.pdf,філія,Кут
62.pdf,Христинівська філія,Уманська
62.pdf,Христинівська філія,Садова
62.pdf,Христинівська філія,О.Вишні
62.pdf,Христинівська філія,Миру
62.pdf,Христинівська філія,Польова
62.pdf,Христинівська філія,Набережна
